Name,Pos,2025wOBA,2025WAR,Team,2025FIP
Mitchell Parker,SP,,1.5,WSN,5.12
Jake Irvin,SP,,1.8,WSN,4.86
Tanner Rainey,RP,,0.2,WSN,4.64
Cade Cavalli,SP,,,WSN,4.63
Joe La Sorsa,RP,,,WSN,4.6
DJ Herz,SP,,1,WSN,4.55
Joan Adon,RP,,,WSN,4.44
MacKenzie Gore,Ace,,2.2,WSN,4.43
Derek Law,RP,,0.7,WSN,4.28
Kyle Finnegan,CL,,0.6,WSN,3.83
Eduardo Salazar,RP,,0.2,WSN,3.83
Robert Garcia,RP,,1.2,WSN,3.53
Jose A. Ferrer,RP,,0.6,WSN,3.35
James Wood,DH,0.327,3.6,WSN,
Alex Call,LF,0.327,0.9,WSN,
Luis García Jr.,2B,0.318,2.3,WSN,
CJ Abrams,SS,0.314,2.0,WSN,
Juan Yepez,1B,0.309,0.4,WSN,
Keibert Ruiz,C,0.301,0.8,WSN,
Joey Meneses,MiLB,0.301,0.0,FA,
Andrés Chaparro,Bench,0.296,0.4,WSN,
Drew Millas,MiLB,0.295,#N/A,WSN,
José Tena,3B,0.293,1.2,WSN,
Riley Adams,Bench,0.293,0.5,WSN,
Dylan Crews,RF,0.292,1.3,WSN,
Jacob Young,CF,0.289,2.4,WSN,
Darren Baker,MiLB,0.287,#N/A,WSN,
Jake Alu,MiLB,0.285,#N/A,WSN,
Cody Wilson,MiLB,0.285,#N/A,WSN,
Ildemaro Vargas,Bench,0.284,0.2,WSN,
Stone Garrett,Bench,0.278,#N/A,WSN,
Trey Lipscomb,MiLB,0.269,0.7,WSN,
Nasim Nuñez,MiLB,0.261,#N/A,WSN,
José Berríos,SP,,2.5,TOR,4.96
Alek Manoah,RP,,0.2,TOR,4.86
Bowden Francis,SP,,0.8,TOR,4.63
Chad Green,RP,,0.4,TOR,4.6
Yariel Rodríguez,SP,,0.8,TOR,4.57
Brendon Little,RP,,0.6,TOR,4.48
Chris Bassitt,SP,,1.9,TOR,4.46
Erik Swanson,RP,,0.4,TOR,4.41
Dillon Tate,RP,,0.4,TOR,4.26
Ryan Burr,RP,,0.5,TOR,4.07
Tommy Nance,RP,,0.3,TOR,4.04
Kevin Gausman,ACE,,1.8,TOR,3.96
Zach Pop,RP,,0.4,TOR,3.89
Vladimir Guerrero Jr.,1B,0.367,3.2,TOR,
Spencer Horwitz,DH,0.324,1.2,TOR,
Alejandro Kirk,C,0.319,2.2,TOR,
George Springer,RF,0.309,0.9,TOR,
Bo Bichette,SS,0.308,2.5,TOR,
Davis Schneider,Bench,0.308,1.3,TOR,
Orelvis Martinez,MiLB,0.303,#N/A,TOR,
Will Wagner,2B,0.302,#N/A,TOR,
Ernie Clement,3B,0.299,1.3,TOR,
Daulton Varsho,CF,0.298,2.7,TOR,
Nathan Lukes,LF,0.298,#N/A,TOR,
Addison Barger,MiLB,0.297,0.4,TOR,
Leo Jiménez,Bench,0.296,0.9,TOR,
Steward Berroa,MiLB,0.294,#N/A,TOR,
Jonatan Clase,Bench,0.294,#N/A,TOR,
Joey Loperfido,MiLB,0.292,0.6,TOR,
Luis De Los Santos,MiLB,0.285,#N/A,TOR,
Tyler Heineman,Bench,0.281,#N/A,TOR,
Jon Gray,SP,,0.7,TEX,5.05
Max Scherzer,SP,,0.5,TEX,4.99
Cody Bradford,SP,,0.8,TEX,4.71
Matt Festa,RP,,0.3,TEX,4.68
Jack Leiter,RP,,0.4,TEX,4.66
Dane Dunning,RP,,0.9,TEX,4.53
Gerson Garabito,RP,,0.2,TEX,4.49
Kumar Rocker,SP,,,TEX,4.29
José Leclerc,RP,,0.6,TEX,4.27
Roansy Contreras,RP,,0.2,TEX,4.25
Jacob Latz,RP,,0.1,TEX,4.01
Grant Anderson,RP,,0.3,TEX,3.95
Josh Sborz,CL,,,TEX,3.87
Jacob DeGrom,ACE,,,TEX,3.26
Corey Seager,SS,0.368,3.9,TEX,
Nathaniel Lowe,1B,0.327,2.3,TEX,
Wyatt Langford,LF,0.324,2.7,TEX,
Adolis García,RF,0.316,1.0,TEX,
Marcus Semien,2B,0.316,4.7,TEX,
Jonah Heim,C,0.306,1.3,TEX,
Evan Carter,CF,0.305,1.7,TEX,
Josh Smith,DH,0.304,1.4,TEX,
Josh Jung,3B,0.303,0.8,TEX,
Justin Foscue,MiLB,0.299,#N/A,TEX,
Ezequiel Duran,Bench,0.296,0.9,TEX,
Jose Barrero,MiLB,0.293,#N/A,TEX,
Sam Huff,C,0.292,#N/A,TEX,
Sandro Fabian,MiLB,0.290,#N/A,TEX,
Dustin Harris,MiLB,0.290,#N/A,TEX,
Leody Taveras,Bench,0.288,1.5,TEX,
Alex De Goti,MiLB,0.287,#N/A,TEX,
Jonathan Ornelas,Bench,0.274,#N/A,TEX,
Zack Littell,RP,,1.3,TBR,4.95
Shane Baz,SP,,0.5,TBR,4.77
Taj Bradley,SP,,2,TBR,4.68
Ryan Pepiot,SP,,1.5,TBR,4.65
Jeffrey Springs,SP,,0.4,TBR,4.61
Shane McClanahan,ACE,,,TBR,4.61
Richard Lovelady,RP,,0.2,TBR,4.25
Tyler Alexander,RP,,1,TBR,4.08
Pete Fairbanks,CL,,0.8,TBR,4.07
Garrett Cleavinger,RP,,0.8,TBR,4.05
Kevin Kelly,RP,,1,TBR,4.04
Colin Poche,RP,,0.2,TBR,4.03
Manuel Rodríguez,RP,,0.4,TBR,3.58
Edwin Uceta,RP,,0.6,TBR,3.5
Drew Rasmussen,RP,,0.9,TBR,3.15
Yandy Díaz,1B,0.349,2.1,TBR,
Brandon Lowe,2B,0.330,1.1,TBR,
Junior Caminero,3B,0.315,2.9,TBR,
Jonathan Aranda,DH,0.313,1.0,TBR,
Christopher Morel,Bench,0.310,0.8,TBR,
Josh Lowe,RF,0.309,0.9,TBR,
Austin Shenton,MiLB,0.307,#N/A,TBR,
Curtis Mead,MiLB,0.307,0.5,TBR,
Richie Palacios,LF,0.301,0.6,TBR,
Kameron Misner,MiLB,0.298,#N/A,TBR,
Logan Driscoll,MiLB,0.297,#N/A,TBR,
Jonny DeLuca,Bench,0.292,1.0,TBR,
Dylan Carlson,MiLB,0.292,0.1,TBR,
Osleivis Basabe,MiLB,0.291,#N/A,TBR,
Taylor Walls,Bench,0.282,0.6,TBR,
José Caballero,SS,0.281,2.1,TBR,
Rene Pinto,Bench,0.276,#N/A,TBR,
Ben Rortvedt,C,0.269,1.0,TBR,
Jose Siri,CF,0.268,1.3,TBR,
Roddery Muñoz,RP,,0.8,STL,5.01
Erick Fedde,SP,,1.2,STL,4.86
Steven Matz,SP,,0.6,STL,4.83
Kyle Leahy,RP,,0.5,STL,4.7
Miles Mikolas,SP,,2.7,STL,4.69
Miles Mikolas,SP,,,STL,4.61
Andre Pallante,SP,,1.3,STL,4.4
John King,RP,,0.6,STL,4.09
Ryan Fernandez,RP,,0.6,STL,4.02
Michael McGreevy,RP,,0.5,STL,3.96
JoJo Romero,RP,,0.7,STL,3.95
Chris Roycroft,RP,,0.5,STL,3.6
Matthew Liberatore,RP,,0.6,STL,3.46
Sonny Gray,ACE,,3.7,STL,3.41
Ryan Helsley,CL,,1.2,STL,2.94
Willson Contreras,C,0.334,0.9,STL,
Brendan Donovan,2B,0.331,2.6,STL,
Lars Nootbaar,LF,0.330,1.4,STL,
Iván Herrera,Bench,0.328,1.4,STL,
Alec Burleson,1B,0.314,0.9,STL,
Jordan Walker,RF,0.311,0.4,STL,
Nolan Arenado,3B,0.309,2.8,STL,
Luken Baker,Bench,0.305,#N/A,STL,
Masyn Winn,SS,0.303,3.1,STL,
Nolan Gorman,DH,0.301,1.1,STL,
José Fermín,MiLB,0.294,#N/A,STL,
Pedro Pagés,MiLB,0.294,0.8,STL,
Victor Scott II,CF,0.283,0.8,STL,
Thomas Saggese,Bench,0.280,#N/A,STL,
Michael Siani,Bench,0.280,1.1,STL,
Jimmy Crooks,MiLB,0.298,,STL,
Bryan Torres,MiLB,0.303,,STL,
Nathan Church,MiLB,0.282,,STL,
Kyle Harrison,SP,,1.3,SFG,5.03
Mason Black,RP,,0.3,SFG,4.73
Keaton Winn,RP,,0.7,SFG,4.56
Robbie Ray,SP,,0.4,SFG,4.51
Jordan Hicks,SP,,1.1,SFG,4.43
Hayden Birdsong,RP,,0.8,SFG,4.41
Randy Rodríguez,RP,,0.7,SFG,4.03
Taylor Rogers,RP,,0.6,SFG,4.03
Sean Hjelle,RP,,1.4,SFG,3.95
Camilo Doval,RP,,0.8,SFG,3.92
Tyler Rogers,RP,,0.6,SFG,3.92
Spencer Bivens,RP,,0.5,SFG,3.91
Landen Roupp,SP,,0.5,SFG,3.85
Ryan Walker,CL,,1.7,SFG,3.78
Logan Webb,ACE,,3.8,SFG,3.6
Erik Miller,RP,,1.1,SFG,3.38
Matt Chapman,3B,0.332,4.5,SFG,
LaMonte Wade Jr.,1B,0.325,0.5,SFG,
Heliot Ramos,DH,0.319,2.2,SFG,
Mike Yastrzemski,RF,0.313,0.6,SFG,
Luis Matos,MiLB,0.304,0.5,SFG,
Casey Schmitt,2B,0.303,0.9,SFG,
Jung Hoo Lee,CF,0.302,0.8,SFG,
Patrick Bailey,C,0.301,2.8,SFG,
Tyler Fitzgerald,SS,0.299,1.6,SFG,
Wade Meckler,MiLB,0.297,#N/A,SFG,
Blake Sabol,MiLB,0.296,#N/A,SFG,
David Villar,MiLB,0.295,#N/A,SFG,
Jerar Encarnacion,Bench,0.293,0.5,SFG,
Marco Luciano,MiLB,0.291,#N/A,SFG,
Wilmer Flores,Bench,0.291,0.0,SFG,
Grant McCray,LF,0.287,1.0,SFG,
Brett Wisely,Bench,0.284,0.6,SFG,
Jakson Reetz,MiLB,0.283,#N/A,SFG,
Donovan Walton,MiLB,0.279,#N/A,SFG,
Tom Murphy,Bench,0.300,,SFG,
Emerson Hancock,RP,,0.6,SEA,4.88
Luis Castillo,SP,,1.6,SEA,4.74
Austin Voth,RP,,0.8,SEA,4.41
Bryce Miller,SP,,1.5,SEA,4.39
Trent Thornton,RP,,0.7,SEA,4.34
Collin Snider,RP,,0.2,SEA,4.27
Tayler Saucedo,RP,,0.4,SEA,3.9
Bryan Woo,SP,,1.2,SEA,3.84
Gabe Speier,RP,,0.3,SEA,3.84
George Kirby,SP,,2.8,SEA,3.81
Eduard Bazardo,RP,,0.6,SEA,3.8
Logan Gilbert,ACE,,4.4,SEA,3.73
Andrés Muñoz,CL,,1.3,SEA,3.49
Julio Rodríguez,CF,0.337,5.2,SEA,
Cal Raleigh,C,0.324,4.5,SEA,
Randy Arozarena,LF,0.321,1.9,SEA,
Luke Raley,1B,0.313,1.1,SEA,
Mitch Garver,Bench,0.309,0.2,SEA,
Victor Robles,RF,0.309,1.0,SEA,
J.P. Crawford,SS,0.303,1.9,SEA,
Leo Rivas,Bench,0.301,#N/A,SEA,
Tyler Locklear,MiLB,0.301,#N/A,SEA,
Dylan Moore,2B,0.299,1.0,SEA,
Sam Haggerty,Bench,0.298,#N/A,SEA,
Ryan Bliss,MiLB,0.296,#N/A,SEA,
Mitch Haniger,DH,0.294,-0.1,SEA,
Dominic Canzone,Bench,0.290,0.7,SEA,
Josh Rojas,3B,0.288,1.1,SEA,
Cade Marlowe,MiLB,0.288,#N/A,SEA,
Samad Taylor,MiLB,0.286,#N/A,SEA,
Michael Perez,MiLB,0.284,#N/A,SEA,
Adam Mazur,RP,,0.3,SDP,5.12
Matt Waldron,SP,,1.5,SDP,4.7
Yu Darvish,SP,,0.7,SDP,4.7
Randy Vásquez,SP,,0.4,SDP,4.68
Michael King,SP,,2.5,SDP,4.42
Jhony Brito,RP,,0.4,SDP,4.28
Wandy Peralta,RP,,0.3,SDP,4.1
Dylan Cease,ACE,,4,SDP,3.88
Bryan Hoeing,RP,,0.5,SDP,3.75
Yuki Matsui,RP,,0.5,SDP,3.7
Jason Adam,RP,,0.6,SDP,3.67
Stephen Kolek,RP,,0.7,SDP,3.58
Robert Suarez,CL,,0.9,SDP,3.43
Adrian Morejon,RP,,1.2,SDP,3.19
Jeremiah Estrada,RP,,1.5,SDP,2.79
Fernando Tatis Jr.,RF,0.357,3.3,SDP,
Manny Machado,3B,0.339,3.0,SDP,
Jackson Merrill,CF,0.330,5.4,SDP,
Luis Arraez,1B,0.318,1.4,SDP,
Jake Cronenworth,2B,0.315,0.8,SDP,
Xander Bogaerts,SS,0.305,2.1,SDP,
Luis Campusano,C,0.303,0.5,SDP,
Brandon Lockridge,Bench,0.293,#N/A,SDP,
Brett Sullivan,Bench,0.292,#N/A,SDP,
Eguy Rosario,DH,0.292,#N/A,SDP,
Bryce Johnson,MiLB,0.291,#N/A,SDP,
Mason McCoy,Bench,0.274,#N/A,SDP,
Chandler Seagle,MiLB,0.273,#N/A,SDP,
Tyler Wade,Bench,0.269,0.6,SDP,
Tirso Ornelas,LF,0.300,,SDP,
Brandon Valenzuela,MiLB,0.265,,SDP,
Matthew Batten,MiLB,0.267,,SDP,
Kai Murphy,MiLB,0.242,,SDP,
Bailey Falter,SP,,0.6,PIT,5
Luis L. Ortiz,SP,,0.4,PIT,4.86
Jared Jones,SP,,1.8,PIT,4.43
Mitch Keller,SP,,2.4,PIT,4.41
Joey Wentz,RP,,0.4,PIT,4.41
Ryder Ryan,RP,,0.1,PIT,4.39
Carmen Mlodzinski,RP,,0.5,PIT,4.31
Colin Holderman,RP,,0.6,PIT,4.08
Kyle Nicolas,RP,,0.7,PIT,3.99
Hunter Stratton,RP,,0.2,PIT,3.86
Paul Skenes,ACE,,2.6,PIT,3.78
David Bednar,CL,,0.7,PIT,3.75
Bryan Reynolds,LF,0.338,1.7,PIT,
Oneil Cruz,CF,0.331,3.1,PIT,
Jack Suwinski,MiLB,0.309,0.6,PIT,
Billy Cook,1B,0.305,#N/A,PIT,
Joshua Palacios,Bench,0.305,#N/A,PIT,
Ji Hwan Bae,MiLB,0.304,#N/A,PIT,
Bryan De La Cruz,RF,0.304,0.5,PIT,
Joey Bart,C,0.303,0.9,PIT,
Nick Gonzales,2B,0.302,1.2,PIT,
Henry Davis,MiLB,0.299,0.2,PIT,
Nick Yorke,Bench,0.299,#N/A,PIT,
Alika Williams,MiLB,0.295,#N/A,PIT,
Connor Joe,Bench,0.295,0.6,PIT,
Jose Rojas,MiLB,0.294,#N/A,PIT,
Seth Beer,MiLB,0.294,#N/A,PIT,
Ke'Bryan Hayes,3B,0.294,1.6,PIT,
Jared Triolo,Bench,0.293,1.5,PIT,
Joe Perez,MiLB,0.291,#N/A,PIT,
Isiah Kiner-Falefa,SS,0.290,1.1,PIT,
Gilberto Celestino,MiLB,0.290,#N/A,PIT,
Tristan Gray,MiLB,0.288,#N/A,PIT,
Liover Peguero,MiLB,0.280,#N/A,PIT,
Dustin Peterson,MiLB,0.277,#N/A,PIT,
Jason Delay,MiLB,0.276,#N/A,PIT,
Grant Koch,MiLB,0.268,#N/A,PIT,
Endy Rodriguez,DH,,,PIT,
Taijuan Walker,SP,,0.8,PHI,5.07
Tyler Phillips,RP,,0.4,PHI,4.93
Ranger Suárez,SP,,2.4,PHI,4.22
Aaron Nola,SP,,3.3,PHI,4.06
Tanner Banks,RP,,1,PHI,3.97
Yunior Marte,RP,,0.3,PHI,3.96
Matt Strahm,RP,,0.9,PHI,3.92
José Alvarado,RP,,0.8,PHI,3.88
José Ruiz,RP,,0.5,PHI,3.69
Zack Wheeler,ACE,,2.4,PHI,3.63
Cristopher Sánchez,SP,,3.3,PHI,3.61
Orion Kerkering,CL,,1.5,PHI,3.19
Bryce Harper,1B,0.372,2.9,PHI,
Kyle Schwarber,DH,0.341,1.6,PHI,
Trea Turner,SS,0.333,3.9,PHI,
Alec Bohm,3B,0.328,2.7,PHI,
Brandon Marsh,CF,0.324,1.9,PHI,
Nick Castellanos,RF,0.322,0.4,PHI,
J.T. Realmuto,C,0.316,1.4,PHI,
Austin Hays,LF,0.309,0.6,PHI,
Cal Stevenson,MiLB,0.306,#N/A,PHI,
Edmundo Sosa,Bench,0.305,1.0,PHI,
Bryson Stott,2B,0.299,2.2,PHI,
Johan Rojas,Bench,0.295,1.6,PHI,
Rodolfo Castro,MiLB,0.295,#N/A,PHI,
Kody Clemens,MiLB,0.291,0.2,PHI,
Rafael Marchan,MiLB,0.291,#N/A,PHI,
Weston Wilson,Bench,0.290,#N/A,PHI,
Jordan Luplow,MiLB,0.289,#N/A,PHI,
Simon Muzziotti,MiLB,0.288,#N/A,PHI,
Jose Rodriguez,MiLB,0.288,#N/A,PHI,
Darick Hall,MiLB,0.287,#N/A,PHI,
Esteban Quiroz,MiLB,0.281,#N/A,PHI,
Jose Godoy,MiLB,0.279,#N/A,PHI,
Aramis Garcia,MiLB,0.272,#N/A,PHI,
Garrett Stubbs,C,0.253,-0.1,PHI,
Luis Medina,SP,,0.3,OAK,5.35
Joey Estes,SP,,1,OAK,5.12
Osvaldo Bido,SP,,0.3,OAK,5.04
JP Sears,ACE,,0.7,OAK,4.87
Joe Boyle,RP,,0.9,OAK,4.64
Mitch Spence,SP,,1.4,OAK,4.49
Michael Kelly,RP,,0.1,OAK,4.46
J.T. Ginn,SP,,0.4,OAK,4.23
Hogan Harris,RP,,0.3,OAK,4.1
Tyler Ferguson,RP,,0.7,OAK,4.04
Dany Jiménez,RP,,0.4,OAK,3.72
Mason Miller,CL,,1.4,OAK,2.85
Michel Otañez,RP,,0.5,OAK,2.78
Brent Rooker,DH,0.335,2.6,OAK,
Lawrence Butler,RF,0.320,1.9,OAK,
Shea Langeliers,C,0.319,1.7,OAK,
JJ Bleday,CF,0.316,1.7,OAK,
Tyler Soderstrom,1B,0.307,1.0,OAK,
Miguel Andujar,Bench,0.306,0.5,OAK,
Armando Alvarez,MiLB,0.303,#N/A,OAK,
Zack Gelof,2B,0.300,1.7,OAK,
Seth Brown,LF,0.298,-0.1,OAK,
Jordan Diaz,MiLB,0.298,#N/A,OAK,
CJ Alexander,MiLB,0.296,#N/A,OAK,
Yohel Pozo,MiLB,0.295,#N/A,OAK,
Kyle McCann,Bench,0.295,0.5,OAK,
Hoy Park,MiLB,0.293,#N/A,OAK,
Jordan Groshans,MiLB,0.291,#N/A,OAK,
Jacob Wilson,SS,0.290,1.1,OAK,
Brett Harris,MiLB,0.288,1.0,OAK,
Max Schuemann,MiLB,0.287,1.2,OAK,
Esteury Ruiz,Bench,0.286,#N/A,OAK,
Nick Allen,Bench,0.283,0.6,OAK,
Darell Hernaiz,MiLB,0.271,0.3,OAK,
Clarke Schmidt,SP,,0.8,NYY,4.78
Marcus Stroman,SP,,2,NYY,4.67
Carlos Rodón,SP,,1.3,NYY,4.64
Luis Gil,SP,,1.6,NYY,4.58
Cody Poteet,RP,,0.2,NYY,4.51
Nestor Cortes,RP,,1.3,NYY,4.48
Victor González,RP,,0.2,NYY,4.24
Luke Weaver,CL,,0.8,NYY,4.15
Mark Leiter Jr.,RP,,1.3,NYY,4.12
Jake Cousins,RP,,0.4,NYY,4.04
Will Warren,RP,,0.3,NYY,3.96
Gerrit Cole,ACE,,1.1,NYY,3.81
Ian Hamilton,RP,,0.7,NYY,3.64
Aaron Judge,CF,0.377,5.3,NYY,
Austin Wells,C,0.318,2.0,NYY,
Giancarlo Stanton,DH,0.313,0.3,NYY,
Jazz Chisholm Jr.,3B,0.313,3.4,NYY,
Taylor Trammell,Bench,0.305,#N/A,HOU,
Everson Pereira,MiLB,0.305,#N/A,NYY,
Ben Rice,MiLB,0.303,0.3,NYY,
Jasson Dominguez,LF,0.303,#N/A,NYY,
Trent Grisham,CF,0.298,1.4,NYY,
Oswaldo Cabrera,Bench,0.297,1.1,NYY,
Jahmai Jones,MiLB,0.296,#N/A,NYY,
Anthony Volpe,SS,0.295,3.5,NYY,
Carlos Narvaez,MiLB,0.295,#N/A,NYY,
Oscar Gonzalez,MiLB,0.295,#N/A,NYY,
Greg Allen,MiLB,0.291,#N/A,NYY,
Jon Berti,Bench,0.285,#N/A,NYY,
DJ LeMahieu,1B,0.284,0.8,NYY,
Oswald Peraza,2B,0.283,#N/A,NYY,
Luis Gonzalez,MiLB,0.282,#N/A,NYY,
Kevin Smith,MiLB,0.277,#N/A,NYY,
Josh VanMeter,MiLB,0.274,#N/A,NYY,
Jorbit Vivas,Bench,0.289,,NYY,
Jose Trevino,Bench,0.274,0.6,NYY,
Christian Scott,RP,,0.2,NYM,5.18
José Buttó,SP,,0.6,NYM,5.15
Tylor Megill,SP,,0.6,NYM,4.63
Chris Devenski,RP,,0.3,NYM,4.52
Paul Blackburn,SP,,0.8,NYM,4.42
Kodai Senga,ACE,,,NYM,4.27
David Peterson,SP,,1.3,NYM,4.26
Huascar Brazobán,RP,,0.7,NYM,4.15
Danny Young,RP,,0.6,NYM,3.98
Sean Reid-Foley,RP,,0.2,NYM,3.96
Reed Garrett,RP,,1.1,NYM,3.61
Edwin Díaz,CL,,1.3,NYM,3.58
Dedniel Núñez,RP,,0.7,NYM,2.9
Francisco Lindor,SS,0.340,5.2,NYM,
Brandon Nimmo,LF,0.338,3.1,NYM,
Francisco Alvarez,C,0.316,2.0,NYM,
DJ Stewart,Bench,0.308,-0.1,NYM,
Tyrone Taylor,CF,0.303,0.6,NYM,
Jeff McNeil,DH,0.300,1.0,NYM,
Mark Vientos,1B,0.298,2.0,NYM,
Starling Marte,RF,0.298,0.1,NYM,
Luis Torrens,Bench,0.295,0.9,NYM,
Rylan Bannon,MiLB,0.293,#N/A,NYM,
Jose Azocar,Bench,0.292,#N/A,NYM,
Brett Baty,3B,0.291,0.8,NYM,
Luisangel Acuna,2B,0.289,#N/A,NYM,
Austin Allen,MiLB,0.287,#N/A,NYM,
Yolmer Sanchez,MiLB,0.282,#N/A,NYM,
Joe Hudson,MiLB,0.279,#N/A,NYM,
Ji Man Choi,MiLB,0.278,#N/A,NYM,
Omar Narváez,MiLB,0.259,#N/A,NYM,
Luke Ritter,Bench,,,NYM,
Bailey Ober,SP,,2.4,MIN,5
Simeon Woods Richardson,SP,,1,MIN,4.91
Zebby Matthews,RP,,0.4,MIN,4.72
Chris Paddack,SP,,1.1,MIN,4.55
Louie Varland,RP,,0.6,MIN,4.51
Joe Ryan,SP,,1.9,MIN,4.31
David Festa,RP,,0.7,MIN,4.25
Josh Staumont,RP,,0.2,MIN,4.16
Jorge Alcala,RP,,0.7,MIN,4.15
Michael Tonkin,RP,,1,MIN,4.06
Cole Sands,RP,,0.9,MIN,4.03
Scott Blewett,RP,,0.1,MIN,3.94
Kody Funderburk,RP,,0.4,MIN,3.92
Pablo López,ACE,,2.9,MIN,3.9
Griffin Jax,RP,,2.1,MIN,3.06
Jhoan Duran,CL,,1.2,MIN,2.95
Matt Wallner,RF,0.350,0.9,MIN,
Royce Lewis,3B,0.336,1.0,MIN,
Carlos Correa,SS,0.336,2.9,MIN,
Byron Buxton,CF,0.331,1.4,MIN,
Trevor Larnach,LF,0.320,1.4,MIN,
Jose Miranda,1B,0.313,0.6,MIN,
Ryan Jeffers,C,0.310,1.1,MIN,
Edouard Julien,Bench,0.305,0.8,MIN,
Willi Castro,DH,0.304,1.9,MIN,
DaShawn Keirsey Jr.,MiLB,0.299,#N/A,MIN,
Diego A. Castillo,MiLB,0.298,#N/A,MIN,
Austin Martin,Bench,0.297,0.3,MIN,
Michael Helman,Bench,0.296,#N/A,MIN,
Brooks Lee,2B,0.289,0.4,MIN,
Jair Camargo,MiLB,0.288,#N/A,MIN,
Kyle Farmer,MiLB,0.285,0.5,MIN,
Christian Vázquez,Bench,0.283,0.8,MIN,
Emmanuel Rodriguez,MiLB,0.308,,MIN,
Alex Jackson,MiLB,0.252,0.6,FA,
DL Hall,RP,,0.3,MIL,4.93
Bryse Wilson,RP,,0.2,MIL,4.85
Aaron Civale,SP,,1.9,MIL,4.79
Brandon Woodruff,SP,,,MIL,4.72
Tobias Myers,SP,,0.8,MIL,4.71
Aaron Ashby,SP,,,MIL,4.56
Freddy Peralta,ACE,,1.7,MIL,4.24
Joel Payamps,RP,,0.7,MIL,4.24
Bryan Hudson,RP,,0.5,MIL,4.23
Robert Gasser,RP,,0.2,MIL,4.21
Jared Koenig,RP,,0.6,MIL,3.91
Nick Mears,RP,,1,MIL,3.89
Elvis Peguero,RP,,0.6,MIL,3.79
Hoby Milner,RP,,1.3,MIL,3.77
Devin Williams,CL,,0.5,MIL,3.48
Trevor Megill,RP,,0.6,MIL,3.32
Christian Yelich,DH,0.341,1.6,MIL,
William Contreras,C,0.340,5.0,MIL,
Rhys Hoskins,1B,0.326,0.7,MIL,
Jackson Chourio,RF,0.321,5.1,MIL,
Joey Ortiz,SS,0.316,2.3,MIL,
Garrett Mitchell,CF,0.312,1.2,MIL,
Andruw Monasterio,Bench,0.302,0.4,MIL,
Tyler Black,MiLB,0.301,#N/A,MIL,
Eric Haase,Bench,0.298,#N/A,MIL,
Isaac Collins,MiLB,0.295,#N/A,MIL,
Chris Roller,MiLB,0.295,#N/A,MIL,
Brewer Hicklen,MiLB,0.294,#N/A,MIL,
Jake Bauers,Bench,0.293,0.3,MIL,
Brice Turang,2B,0.292,2.5,MIL,
Vinny Capra,MiLB,0.288,#N/A,MIL,
Francisco Mejia,MiLB,0.287,#N/A,MIL,
Oliver Dunn,3B,0.286,1.4,MIL,
Christian Arroyo,MiLB,0.286,#N/A,MIL,
Owen Miller,MiLB,0.286,#N/A,MIL,
Blake Perkins,Bench,0.282,1.8,MIL,
Sal Frelick,LF,0.282,1.7,MIL,
Yonny Hernandez,MiLB,0.278,#N/A,MIL,
Brian Navarreto,MiLB,0.273,#N/A,MIL,
Yonny Chirinos,RP,,0.2,MIA,5.26
Xzavion Curry,RP,,0.2,MIA,5.05
Valente Bellozo,RP,,0.4,MIA,4.85
Mike Baumann,RP,,0.4,MIA,4.71
Sandy Alcantara,SP,,,MIA,4.64
Ryan Weathers,SP,,0.7,MIA,4.58
Kyle Tyler,RP,,0.4,MIA,4.42
Braxton Garrett,SP,,0.6,MIA,4.41
Jesús Luzardo,SP,,0.8,MIA,4.35
Max Meyer,RP,,0.6,MIA,4.35
Edward Cabrera,SP,,1.6,MIA,4.33
Anthony Bender,RP,,0.9,MIA,4.3
Calvin Faucher,CL,,0.6,MIA,4.05
George Soriano,RP,,0.2,MIA,3.98
Andrew Nardi,RP,,0.8,MIA,3.88
Declan Cronin,RP,,0.9,MIA,3.64
Jake Burger,DH,0.331,1.4,MIA,
Jesús Sánchez,LF,0.323,1.8,MIA,
Xavier Edwards,SS,0.308,1.6,MIA,
Dane Myers,Bench,0.303,1.1,MIA,
Jonah Bride,1B,0.302,0.5,MIA,
Connor Norby,3B,0.300,0.8,MIA,
Otto Lopez,2B,0.298,2.0,MIA,
Kyle Stowers,CF,0.297,0.4,MIA,
Griffin Conine,RF,0.296,#N/A,MIA,
Graham Pauley,MiLB,0.291,#N/A,MIA,
Jose Devers,MiLB,0.290,#N/A,MIA,
Nick Fortes,C,0.290,1.1,MIA,
Jhonny Pereda,Bench,0.289,#N/A,MIA,
David Hensley,MiLB,0.287,#N/A,MIA,
Javier Sanoja,MiLB,0.286,#N/A,MIA,
Jonathan Davis,MiLB,0.282,#N/A,MIA,
Vidal Bruján,Bench,0.275,0.2,MIA,
Nick Gordon,MiLB,0.273,0.4,MIA,
Ali Sánchez,MiLB,0.265,#N/A,MIA,
Derek Hill,Bench,0.260,0.4,MIA,
Tony Gonsolin,SP,,,LAD,4.83
River Ryan,RP,,0.2,LAD,4.78
Landon Knack,RP,,0.5,LAD,4.65
Justin Wrobleski,RP,,0.2,LAD,4.63
Shohei Ohtani,SP,,,LAD,4.61
Dustin May,SP,,,LAD,4.57
Alex Vesia,RP,,0.5,LAD,4.53
Bobby Miller,RP,,0.7,LAD,4.35
Michael Grove,RP,,0.9,LAD,4.24
Brent Honeywell,RP,,0.2,LAD,4.08
Michael Kopech,CL,,1,LAD,3.99
Evan Phillips,RP,,1.2,LAD,3.95
Ryan Brasier,RP,,0.5,LAD,3.93
Anthony Banda,RP,,0.4,LAD,3.81
Yoshinobu Yamamoto,ACE,,1.8,LAD,3.7
Tyler Glasnow,SP,,3.2,LAD,3.68
Shohei Ohtani,DH,0.388,4.1,LAD,
Freddie Freeman,1B,0.360,4.3,LAD,
Mookie Betts,RF,0.353,3.8,LAD,
Will Smith,C,0.332,2.8,LAD,
Max Muncy,3B,0.326,0.9,LAD,
Andy Pages,LF,0.318,1.4,LAD,
Tommy Edman,SS,0.304,0.8,LAD,
Brendon Davis,MiLB,0.299,#N/A,LAD,
Gavin Lux,2B,0.298,1.1,LAD,
Chris Owings,MiLB,0.298,#N/A,LAD,
Andre Lipcius,MiLB,0.296,#N/A,LAD,
Hunter Feduccia,MiLB,0.296,#N/A,LAD,
Miguel Rojas,Bench,0.296,0.8,LAD,
James Outman,CF,0.293,0.9,LAD,
Jonathan Arauz,MiLB,0.291,#N/A,LAD,
Chris Okey,MiLB,0.290,#N/A,LAD,
Chris Taylor,Bench,0.280,0.2,LAD,
Austin Barnes,Bench,0.274,0.2,LAD,
Kevin Padlo,MiLB,0.271,#N/A,LAD,
Ryan Ward,Bench,,,LAD,
Davis Daniel,RP,,0.4,LAA,5
Reid Detmers,SP,,1.2,LAA,4.61
Tyler Anderson,SP,,1.5,LAA,4.51
Jack Kochanowicz,SP,,0.7,LAA,4.47
Carson Fulmer,RP,,0.7,LAA,4.45
Hans Crouse,RP,,0.2,LAA,4.44
José Suarez,RP,,0.6,LAA,4.28
José Soriano,ACE,,1.8,LAA,4.26
Patrick Sandoval,SP,,0.9,LAA,4.05
Brock Burke,RP,,0.4,LAA,3.86
Ben Joyce,CL,,0.4,LAA,3.34
Mike Trout,CF,0.361,1.4,LAA,
Jorge Soler,DH,0.329,0.9,LAA,
Logan O'Hoppe,C,0.323,2.0,LAA,
Taylor Ward,LF,0.323,1.9,LAA,
Zach Neto,SS,0.321,2.4,LAA,
Gustavo Campero,MiLB,0.317,#N/A,LAA,
Nolan Schanuel,1B,0.310,1.8,LAA,
Luis Rengifo,2B,0.309,0.8,LAA,
Eric Wagaman,Bench,0.300,#N/A,LAA,
Jo Adell,RF,0.300,1.1,LAA,
Jason Martin,MiLB,0.299,#N/A,LAA,
Mickey Moniak,Bench,0.299,0.8,LAA,
Anthony Rendon,3B,0.295,0.4,LAA,
Jake Marisnick,MiLB,0.293,#N/A,LAA,
Ryan Noda,MiLB,0.293,0.4,LAA,
Jordyn Adams,MiLB,0.292,#N/A,LAA,
Charles Leblanc,MiLB,0.290,#N/A,LAA,
Drew Ellis,MiLB,0.289,#N/A,LAA,
Ehire Adrianza,MiLB,0.288,#N/A,LAA,
Jack Lopez,MiLB,0.287,#N/A,LAA,
Michael Stefanic,MiLB,0.286,-0.1,LAA,
Kyren Paris,Bench,0.285,#N/A,LAA,
Hunter Dozier,MiLB,0.284,#N/A,LAA,
Scott Kingery,MiLB,0.281,#N/A,LAA,
Tyler Payne,MiLB,0.280,#N/A,LAA,
Matt Thaiss,Bench,0.278,0.1,LAA,
Cole Tucker,MiLB,0.278,#N/A,LAA,
Niko Kavadas,MiLB,0.278,0.4,LAA,
Elliot Soto,MiLB,0.277,#N/A,LAA,
Jack López,MiLB,0.275,#N/A,LAA,
Caleb Hamilton,MiLB,0.273,#N/A,LAA,
Chad Wallach,MiLB,0.272,#N/A,LAA,
Bryce Teodosio,MiLB,0.271,#N/A,LAA,
Michael Wacha,SP,,1.7,KCR,4.93
Alec Marsh,RP,,1.2,KCR,4.85
Kyle Wright,SP,,,KCR,4.7
Sam Long,RP,,0.4,KCR,4.49
Seth Lugo,SP,,2.9,KCR,4.47
Chris Stratton,RP,,0.5,KCR,4.35
Carlos Hernández,RP,,0.2,KCR,4.22
Brady Singer,SP,,2.4,KCR,4.21
John Schreiber,RP,,0.4,KCR,4.15
Kris Bubic,RP,,0.6,KCR,3.96
Daniel Lynch IV,RP,,0.3,KCR,3.89
James McArthur,RP,,0.9,KCR,3.8
Angel Zerpa,RP,,0.6,KCR,3.77
Cole Ragans,ACE,,2.8,KCR,3.71
Hunter Harvey,RP,,0.8,KCR,3.37
Lucas Erceg,CL,,1.3,KCR,3.18
Bobby Witt Jr.,SS,0.362,5.6,KCR,
Vinnie Pasquantino,1B,0.340,1.5,KCR,
Salvador Perez,C,0.319,1.6,KCR,
Michael Massey,2B,0.314,1.2,KCR,
MJ Melendez,LF,0.314,0.7,KCR,
Freddy Fermin,Bench,0.311,1.2,KCR,
Hunter Renfroe,RF,0.306,-0.1,KCR,
Maikel Garcia,3B,0.304,2.9,KCR,
Drew Waters,Bench,0.304,#N/A,KCR,
Brian O'Keefe,MiLB,0.302,#N/A,KCR,
Nelson Velázquez,MiLB,0.297,0.2,KCR,
Josh Lester,MiLB,0.296,#N/A,KCR,
Nick Loftin,Bench,0.295,0.6,KCR,
Kyle Isbel,CF,0.293,1.4,KCR,
Nick Pratto,DH,0.290,#N/A,KCR,
Dairon Blanco,Bench,0.290,0.3,KCR,
Tyler Gentry,MiLB,0.286,#N/A,KCR,
Austin Nola,MiLB,0.283,#N/A,KCR,
Nate Eaton,MiLB,0.278,#N/A,KCR,
J.P. France,SP,,0.4,HOU,4.89
Ronel Blanco,SP,,1,HOU,4.8
Luis Garcia,SP,,,HOU,4.71
Hunter Brown,SP,,3,HOU,4.56
Spencer Arrighetti,SP,,1.8,HOU,4.52
Tayler Scott,RP,,0.6,HOU,4.19
Shawn Dubin,RP,,0.4,HOU,4.02
Kaleb Ort,RP,,0.4,HOU,3.99
Bryan Abreu,RP,,1.5,HOU,3.95
Ryan Pressly,RP,,0.9,HOU,3.69
Bryan King,RP,,0.2,HOU,3.64
Framber Valdez,ACE,,3.7,HOU,3.62
Josh Hader,CL,,1.3,HOU,3.4
Yordan Alvarez,DH,0.391,4.8,HOU,
Kyle Tucker,RF,0.375,3.6,HOU,
Yainer Diaz,C,0.337,2.4,HOU,
Jose Altuve,2B,0.323,4.7,HOU,
Victor Caratini,Bench,0.310,0.9,HOU,
Zach Dezenzo,MiLB,0.300,#N/A,HOU,
Trey Cabbage,MiLB,0.298,#N/A,HOU,
Jeremy Peña,SS,0.298,2.4,HOU,
Cooper Hummel,MiLB,0.298,#N/A,HOU,
Mauricio Dubón,Bench,0.293,1.1,HOU,
Shay Whitcomb,3B,0.292,#N/A,HOU,
Chas McCormick,LF,0.292,0.5,HOU,
Jon Singleton,1B,0.291,0.1,HOU,
Grae Kessinger,Bench,0.290,#N/A,HOU,
Pedro Leon,MiLB,0.288,#N/A,HOU,
Jake Meyers,CF,0.286,1.4,HOU,
Dixon Machado,MiLB,0.283,#N/A,HOU,
Cesar Salazar,MiLB,0.278,#N/A,HOU,
Omar Narvaez,MiLB,0.272,#N/A,HOU,
Kenedy Corona,MiLB,0.270,,HOU,
Quincy Hamilton,MiLB,0.283,,HOU,
Marco Gonzales,SP,,0.1,FA,5.39
Jose Quintana,SP,,1.6,FA,5.27
Michael Lorenzen,RP,,0.7,FA,5.22
Ross Stripling,SP,,0.9,FA,5.18
Justin Verlander,SP,,0.7,FA,5.14
Chris Flexen,SP,,1.1,FA,5.12
James Paxton,SP,,0.9,FA,5.09
Martín Pérez,SP,,1,FA,5.08
Alex Wood,SP,,0.3,FA,5.07
Clayton Kershaw,SP,,0.4,FA,5.04
Jake Woodford,SP,,0.3,FA,5.04
Andrew Heaney,SP,,1,FA,4.96
Patrick Corbin,SP,,2.4,FA,4.94
Frankie Montas,SP,,1.6,FA,4.9
Paul Sewald,RP,,0.3,FA,4.9
Colin Rea,SP,,1.5,FA,4.89
Adam Oller,RP,,0.3,FA,4.89
Brent Suter,RP,,0.4,FA,4.88
Hunter Strickland,RP,,0.4,FA,4.86
Jacob Barnes,RP,,0.3,FA,4.85
Dakota Hudson,SP,,0.9,FA,4.85
Luis Severino,SP,,1.6,FA,4.83
Nathan Eovaldi,SP,,2.7,FA,4.83
Carlos Carrasco,SP,,0.9,FA,4.82
Buck Farmer,RP,,0.3,FA,4.79
John Means,SP,,0.1,FA,4.79
Aaron Brooks,RP,,0.3,FA,4.75
Trevor Williams,SP,,0.4,FA,4.74
Matthew Boyd,SP,,0.2,FA,4.74
Lucas Sims,RP,,0.4,FA,4.71
Walker Buehler,SP,,0.9,FA,4.7
Shelby Miller,RP,,0.3,FA,4.68
Ryan Yarbrough,RP,,0.4,FA,4.66
Lance Lynn,SP,,0.9,FA,4.62
Jalen Beeks,RP,,0.7,FA,4.62
Kenny Rosenberg,RP,,0.2,FA,4.61
Kyle Hendricks,RP,,2,FA,4.61
Sixto Sánchez,RP,,0.4,FA,4.59
Charlie Morton,SP,,2,FA,4.58
Burch Smith,RP,,0.5,FA,4.57
Génesis Cabrera,RP,,0.4,FA,4.56
Nick Martinez,SP,,1.8,FA,4.55
Chase Anderson,RP,,0.7,FA,4.52
Shawn Armstrong,RP,,0.6,FA,4.52
Scott McGough,RP,,0.5,FA,4.51
Matt Moore,RP,,0.5,FA,4.5
Sean Manaea,SP,,1.9,FA,4.48
Andrew Chafin,RP,,0.7,FA,4.46
Héctor Neris,RP,,0.4,FA,4.46
John Brebbia,RP,,0.4,FA,4.45
Adam Ottavino,RP,,0.6,FA,4.44
Kyle Muller,RP,,0.3,FA,4.41
Jordan Weems,RP,,0.3,FA,4.4
Kyle Gibson,SP,,2.2,FA,4.38
Scott Alexander,RP,,0.3,FA,4.38
Trevor Richards,RP,,0.4,FA,4.38
Drew Smyly,RP,,0.3,FA,4.37
Cole Irvin,RP,,0.7,FA,4.33
Mitch White,RP,,0.2,FA,4.33
Caleb Thielbar,RP,,0.7,FA,4.32
Justin Wilson,RP,,0.3,FA,4.32
Spencer Turnbull,RP,,0.4,FA,4.31
Caleb Ferguson,RP,,0.9,FA,4.29
Will Smith,RP,,0.5,FA,4.27
Phil Maton,RP,,0.7,FA,4.27
Tommy Kahnle,RP,,0.6,FA,4.26
JT Chargois,RP,,0.1,FA,4.26
Nick Pivetta,SP,,2.2,FA,4.26
T.J. McFarland,RP,,0.5,FA,4.25
Dennis Santana,RP,,0.7,FA,4.25
José Ureña,RP,,0.4,FA,4.24
Erasmo Ramírez,RP,,0.2,FA,4.24
Brandon Bielak,RP,,0.3,FA,4.24
Jakob Junis,RP,,0.9,FA,4.22
Emmanuel Ramirez,RP,,0.2,FA,4.2
Jack Flaherty,SP,,2.9,FA,4.18
Michael Soroka,RP,,0.9,FA,4.18
Jordan Leasure,RP,,0.4,FA,4.17
Scott Barlow,RP,,0.9,FA,4.14
Jesse Chavez,RP,,0.8,FA,4.14
Giovanny Gallegos,RP,,0.3,FA,4.13
Jay Jackson,RP,,0.3,FA,4.13
Yimi García,RP,,0.4,FA,4.13
Corbin Burnes,ACE,,2.8,FA,4.13
Jonathan Hernández,RP,,0.4,FA,4.12
Kenta Maeda,RP,,1.4,FA,4.12
Josh Fleming,RP,,0.3,FA,4.11
Steven Okert,RP,,0.4,FA,4.1
Rafael Montero,RP,,0.4,FA,4.1
Danny Coulombe,RP,,0.5,FA,4.1
A.J. Minter,RP,,0.3,FA,4.09
Adrian Houser,RP,,0.7,FA,4.08
Yerry Rodríguez,RP,,0.2,FA,4.07
Tim Hill,RP,,0.6,FA,4.06
Luke Jackson,RP,,0.8,FA,4.05
Tim Mayza,RP,,0.5,FA,4.05
Gus Varland,RP,,0.2,FA,4.04
Austin Adams,RP,,0.4,FA,4.03
Clay Holmes,RP,,1.2,FA,4.03
Adam Cimber,RP,,0.2,FA,4.01
Enoli Paredes,RP,,0.1,FA,3.98
Jake Diekman,RP,,0.5,FA,3.97
David Robertson,RP,,1.7,FA,3.96
Joe Ross,RP,,0.5,FA,3.96
Enyel De Los Santos,RP,,0.5,FA,3.96
Dylan Floro,RP,,0.8,FA,3.95
Matt Bowman,RP,,0.2,FA,3.95
Andrew Kittredge,RP,,0.9,FA,3.92
Jesus Tinoco,RP,,0.6,FA,3.92
Tyson Miller,RP,,0.5,FA,3.92
Chad Kuhl,RP,,0.7,FA,3.92
Jorge López,RP,,0.4,FA,3.91
Craig Kimbrel,RP,,0.5,FA,3.91
Luis García,RP,,0.8,FA,3.88
Joe Kelly,RP,,0.5,FA,3.84
Yohan Ramírez,RP,,0.4,FA,3.84
Nick Anderson,RP,,0.3,FA,3.83
Ryne Stanek,RP,,0.6,FA,3.82
Blake Snell,SP,,2.4,FA,3.79
Kirby Yates,RP,,0.9,FA,3.77
Blake Treinen,RP,,0.7,FA,3.77
Touki Toussaint,RP,,0.3,FA,3.77
Darren McCaughan,RP,,0.3,FA,3.76
Max Fried,SP,,2.7,FA,3.74
Kenley Jansen,RP,,0.4,FA,3.73
Carlos Estévez,RP,,0.4,FA,3.58
Thyago Vieira,RP,,0.5,FA,3.57
Yusei Kikuchi,SP,,3.4,FA,3.54
Aroldis Chapman,RP,,1.6,FA,3.52
Tanner Scott,RP,,1.3,FA,3.5
Chris Martin,RP,,1.1,FA,3.37
Jeff Hoffman,RP,,1.3,FA,3.05
Juan Soto,RF,0.391,4.7,FA,
Pete Alonso,1B,0.343,1.8,FA,
Joc Pederson,DH,0.340,1.4,FA,
Anthony Santander,RF,0.338,1.9,FA,
Michael Conforto,LF,0.332,0.5,FA,
Christian Walker,1B,0.331,2.2,FA,
Paul Goldschmidt,1B,0.330,1.9,FA,
Alex Bregman,3B,0.328,4.8,FA,
Tyler O'Neill,LF,0.328,1.2,FA,
Randal Grichuk,LF,0.327,0.5,FA,
Willy Adames,SS,0.323,4.2,FA,
Jurickson Profar,LF,0.323,1.8,FA,
J.D. Martinez,DH,0.321,0.4,FA,
Justin Turner,,0.318,0.4,FA,
Gleyber Torres,2B,0.318,2.0,FA,
Jesse Winker,,0.317,0.3,FA,
Carlos Santana,1B,0.317,1.5,FA,
Josh Bell,,0.316,0.0,FA,
Teoscar Hernández,LF,0.315,1.6,FA,
Max Kepler,RF,0.311,1.0,FA,
Jared Young,1B,0.310,#N/A,FA,
Eloy Jiménez,,0.309,0.5,FA,
Ty France,,0.308,0.4,FA,
Alex Verdugo,LF,0.308,1.9,FA,
Jose Iglesias,2B,0.307,0.9,FA,
Jeter Downs,MiLB,0.307,#N/A,FA,
David Peralta,LF,0.307,-0.1,FA,
Rowdy Tellez,1B,0.306,0.0,FA,
Andrew McCutchen,DH,0.306,0.6,FA,
Danny Jansen,C,0.305,1.1,FA,
Yasmani Grandal,C,0.305,0.5,FA,
Jorge Polanco,2B,0.305,0.5,FA,
Ben Gamel,,0.304,#N/A,FA,
Tommy Pham,,0.304,0.4,FA,
Willie Calhoun,MiLB,0.304,0.4,FA,
Ha-Seong Kim,SS,0.303,2.1,FA,
Donovan Solano,DH,0.302,0.1,FA,
Yoán Moncada,MiLB,0.302,#N/A,FA,
Yusniel Diaz,MiLB,0.301,#N/A,FA,
Mark Canha,,0.301,0.8,FA,
Cal Mitchell,MiLB,0.301,#N/A,FA,
Jason Vosler,MiLB,0.300,#N/A,FA,
Travis d'Arnaud,Bench,0.300,0.4,FA,
Anthony Rizzo,1B,0.300,0.2,FA,
David Dahl,MiLB,0.299,#N/A,FA,
Tim Locastro,MiLB,0.299,#N/A,FA,
Yuli Gurriel,MiLB,0.298,#N/A,FA,
Dominic Smith,,0.298,0.5,FA,
Daniel Vogelbach,FA,0.298,#N/A,FA,
Billy McKinney,MiLB,0.298,#N/A,FA,
J.D. Davis,,0.298,0.2,FA,
Trenton Brooks,MiLB,0.298,#N/A,FA,
Pablo Reyes,,0.297,#N/A,FA,
Mike Brosseau,MiLB,0.297,#N/A,FA,
Bobby Dalbec,MiLB,0.297,#N/A,FA,
Elier Hernandez,FA,0.297,#N/A,FA,
Logan Porter,MiLB,0.297,#N/A,FA,
Andrew Knapp,C,0.297,#N/A,FA,
Gary Sánchez,C,0.297,0.9,FA,
Yu Chang,SS,0.297,#N/A,FA,
Jared Oliva,MiLB,0.296,#N/A,FA,
Edward Olivares,MiLB,0.295,0.1,FA,
Austin Wynns,MiLB,0.295,#N/A,FA,
Manuel Margot,CF,0.295,0.4,FA,
Carter Kieboom,FA,0.295,#N/A,FA,
Gio Urshela,,0.295,0.5,FA,
Travis Blankenhorn,FA,0.294,#N/A,FA,
Jacob Stallings,MiLB,0.294,0.1,FA,
Enrique Hernández,2B,0.294,0.2,FA,
Austin Slater,,0.293,0.4,FA,
Alfonso Rivas III,MiLB,0.293,#N/A,FA,
Kyle Higashioka,C,0.293,0.5,FA,
Eddie Rosario,,0.293,0.1,FA,
Luis Urias,MiLB,0.293,#N/A,FA,
Nate Mondou,MiLB,0.292,#N/A,FA,
Nick Solak,MiLB,0.292,#N/A,FA,
Amed Rosario,,0.291,0.4,FA,
Adam Duvall,MiLB,0.291,0.4,FA,
Tyler Nevin,MiLB,0.291,0.4,FA,
Donny Sands,MiLB,0.291,#N/A,FA,
Jason Heyward,,0.290,0.8,FA,
Thairo Estrada,MiLB,0.290,1.5,FA,
Andrew Knizner,C,0.289,#N/A,FA,
Brandon Drury,1B,0.289,0.3,FA,
Seby Zavala,C,0.289,#N/A,FA,
Robbie Grossman,,0.289,0.0,FA,
Carlos Perez,C,0.289,#N/A,FA,
Elias Díaz,,0.288,0.0,FA,
Dermis Garcia,FA,0.288,#N/A,FA,
Michael Papierski,MiLB,0.287,#N/A,FA,
Luis Urías,MiLB,0.287,1.0,FA,
Matt Duffy,2B,0.286,#N/A,FA,
Abraham Toro,MiLB,0.286,0.7,FA,
Carson Kelly,,0.286,0.8,FA,
Cam Eden,FA,0.286,#N/A,FA,
Matthew Batten,MiLB,0.285,#N/A,FA,
Zach Reks,MiLB,0.285,#N/A,FA,
Payton Henry,FA,0.285,#N/A,FA,
Ryan McKenna,MiLB,0.285,#N/A,FA,
Jake Lamb,MiLB,0.284,#N/A,FA,
Tucker Barnhart,MiLB,0.284,#N/A,FA,
Garrett Hampson,MiLB,0.283,0.8,FA,
Kevin Plawecki,MiLB,0.283,#N/A,FA,
Nick Senzel,MiLB,0.283,-0.2,FA,
Jared Walsh,1B,0.282,#N/A,FA,
Harrison Bader,CF,0.281,0.7,FA,
Joey Gallo,FA,0.281,0.5,FA,
Whit Merrifield,,0.281,0.3,FA,
Luis Guillorme,,0.280,0.7,FA,
Brian Serven,FA,0.280,#N/A,FA,
Cristian Pache,,0.280,0.9,FA,
Matt Carpenter,Bench,0.280,-0.1,FA,
Adam Frazier,MiLB,0.279,0.0,FA,
Kevin Newman,MiLB,0.279,0.3,FA,
James McCann,C,0.278,0.0,FA,
Cavan Biggio,,0.277,0.3,FA,
Tim Anderson,SS,0.276,0.0,FA,
Curt Casali,Bench,0.275,0.2,FA,
Paul DeJong,,0.275,0.5,FA,
Jake Cave,MiLB,0.275,-0.2,FA,
Michael A. Taylor,MiLB,0.275,1.7,FA,
Erick Mejia,FA,0.274,#N/A,FA,
Reese McGuire,MiLB,0.274,0.4,FA,
Rob Brantly,C,0.273,#N/A,FA,
Myles Straw,MiLB,0.272,#N/A,FA,
Israel Pineda,FA,0.271,#N/A,FA,
Miguel Sanó,MiLB,0.271,#N/A,FA,
Avisaíl García,MiLB,0.270,#N/A,FA,
Aaron Hicks,MiLB,0.269,#N/A,FA,
Yan Gomes,C,0.267,#N/A,FA,
Travis Jankowski,LF,0.267,0.4,FA,
Kevin Kiermaier,,0.266,0.9,FA,
Luke Maile,MiLB,0.265,0.1,FA,
Tomás Nido,,0.255,1.3,FA,
Nick Ahmed,,0.254,0.7,FA,
José Abreu,MiLB,0.251,-0.4,FA,
Martín Maldonado,C,0.234,0.4,FA,
Matt Manning,RP,,0.1,DET,4.99
Jackson Jobe,SP,,,DET,4.71
Keider Montero,SP,,0.8,DET,4.63
Bryan Sammons,RP,,0.2,DET,4.57
Reese Olson,SP,,1.7,DET,4.44
Casey Mize,SP,,0.9,DET,4.4
Beau Brieske,CL,,0.3,DET,4.38
Tyler Holton,RP,,1.2,DET,4.04
Sean Guenther,RP,,0.3,DET,4.02
Jason Foley,RP,,0.9,DET,3.93
Alex Faedo,RP,,0.6,DET,3.84
Brenan Hanifee,RP,,0.2,DET,3.72
Brant Hurter,RP,,0.5,DET,3.65
Will Vest,RP,,1,DET,3.49
Tarik Skubal,ACE,,4.1,DET,3.44
Kerry Carpenter,DH,0.342,1.2,DET,
Riley Greene,LF,0.338,3.0,DET,
Matt Vierling,RF,0.314,2.0,DET,
Spencer Torkelson,1B,0.306,1.0,DET,
Jace Jung,3B,0.304,#N/A,DET,
Parker Meadows,CF,0.303,1.3,DET,
Dillon Dingler,Bench,0.301,#N/A,DET,
Keston Hiura,MiLB,0.301,#N/A,DET,
Colt Keith,2B,0.297,1.8,DET,
Buddy Kennedy,MiLB,0.296,#N/A,DET,
Wenceel Pérez,MiLB,0.296,1.1,DET,
TJ Hopkins,MiLB,0.295,#N/A,DET,
Ryan Vilade,MiLB,0.294,#N/A,DET,
Bligh Madris,MiLB,0.293,#N/A,DET,
Justyn-Henry Malloy,MiLB,0.292,0.6,DET,
Akil Baddoo,MiLB,0.290,#N/A,DET,
Zach McKinstry,Bench,0.288,0.8,DET,
Trey Sweeney,SS,0.288,1.1,DET,
Andy Ibáñez,Bench,0.288,0.7,DET,
Jake Rogers,C,0.282,1.6,DET,
Drew Maggi,MiLB,0.280,#N/A,DET,
Oscar Mercado,MiLB,0.279,#N/A,DET,
Ryan Kreidler,MiLB,0.277,#N/A,DET,
Anthony Bemboom,MiLB,0.272,#N/A,DET,
Javier Báez,Bench,0.270,0.3,DET,
Antonio Senzatela,SP,,,COL,5.29
Kyle Freeland,SP,,0.8,COL,5.16
Austin Gomber,SP,,0.8,COL,5.12
Tanner Gordon,RP,,0.4,COL,5.07
Bradley Blalock,RP,,0.3,COL,5.03
Cal Quantrill,RP,,1.2,COL,4.85
Ty Blach,RP,,0.6,COL,4.75
German Marquez,ACE,,,COL,4.74
Noah Davis,RP,,0.1,COL,4.59
Peter Lambert,RP,,0.5,COL,4.44
Ryan Feltner,SP,,1.6,COL,4.37
Justin Lawrence,RP,,0.5,COL,4.02
Tyler Kinley,CL,,1.1,COL,4
Jake Bird,RP,,0.4,COL,3.99
Victor Vodnik,RP,,0.9,COL,3.98
Anthony Molina,RP,,0.7,COL,3.95
Angel Chivilli,RP,,0.4,COL,3.56
Ryan McMahon,3B,0.322,2.6,COL,
Ezequiel Tovar,SS,0.310,4.1,COL,
Coco Montes,MiLB,0.309,#N/A,COL,
Brenton Doyle,CF,0.305,2.7,COL,
Nolan Jones,LF,0.302,1.1,COL,
Sean Bouchard,Bench,0.301,0.2,COL,
Adael Amador,MiLB,0.298,#N/A,COL,
Brendan Rodgers,2B,0.297,1.1,COL,
Michael Toglia,1B,0.295,0.8,COL,
Drew Romo,Bench,0.293,#N/A,COL,
Alan Trejo,MiLB,0.292,#N/A,COL,
Jordan Beck,MiLB,0.292,0.2,COL,
Aaron Schunk,Bench,0.291,#N/A,COL,
Elehuris Montero,MiLB,0.289,0.3,COL,
Hunter Goodman,C,0.289,0.8,COL,
Greg Jones,Bench,0.288,#N/A,COL,
Sam Hilliard,RF,0.280,0.3,COL,
Kris Bryant,DH,0.276,-0.1,COL,
Connor Kaiser,MiLB,0.274,#N/A,COL,
Logan Allen,RP,,0.8,CLE,4.9
Ben Lively,SP,,0.8,CLE,4.85
Triston McKenzie,SP,,0.9,CLE,4.83
Tanner Bibee,ACE,,1.5,CLE,4.82
Gavin Williams,SP,,0.8,CLE,4.8
Joey Cantillo,SP,,0.6,CLE,4.29
Pedro Avila,RP,,0.8,CLE,4.17
Tim Herrin,RP,,0.6,CLE,4.08
Nick Sandlin,RP,,0.6,CLE,3.99
Eli Morgan,RP,,0.2,CLE,3.97
Sam Hentges,RP,,0.5,CLE,3.78
Hunter Gaddis,RP,,0.2,CLE,3.69
Cade Smith,RP,,1.7,CLE,3.05
Emmanuel Clase,CL,,1.7,CLE,2.91
José Ramírez,3B,0.352,5.0,CLE,
Josh Naylor,1B,0.330,2.2,CLE,
David Fry,Bench,0.323,0.6,CLE,
Lane Thomas,CF,0.317,1.3,CLE,
Jhonkensy Noel,Bench,0.313,1.2,CLE,
Johnathan Rodriguez,MiLB,0.311,#N/A,CLE,
Steven Kwan,LF,0.310,3.4,CLE,
Kyle Manzardo,DH,0.305,0.3,CLE,
Will Brennan,RF,0.305,0.5,CLE,
Bo Naylor,C,0.304,1.6,CLE,
Tyler Freeman,MiLB,0.300,0.9,CLE,
Andrés Giménez,2B,0.293,3.7,CLE,
Daniel Schneemann,Bench,0.291,0.7,CLE,
Angel Martínez,MiLB,0.289,0.3,CLE,
Estevan Florial,MiLB,0.283,0.0,CLE,
Brayan Rocchio,SS,0.282,1.6,CLE,
Gabriel Arias,Bench,0.281,0.5,CLE,
Bryan Lavastida,MiLB,0.275,#N/A,CLE,
Dom Nunez,MiLB,0.274,#N/A,CLE,
Rhett Lowder,SP,,0.1,CIN,5
Andrew Abbott,SP,,0.8,CIN,4.95
Carson Spiers,RP,,0.6,CIN,4.94
Julian Aguiar,RP,,0.3,CIN,4.81
Graham Ashcraft,SP,,0.6,CIN,4.79
Nick Lodolo,SP,,1.4,CIN,4.63
Emilio Pagán,RP,,0.3,CIN,4.53
Carson Spiers,RP,,0.6,CIN,4.39
Fernando Cruz,RP,,1.5,CIN,4.28
Alexis Díaz,CL,,0.5,CIN,4.27
Sam Moll,RP,,0.4,CIN,4.08
Hunter Greene,ACE,,1.6,CIN,4.04
Tony Santillan,RP,,0.6,CIN,3.2
Tyler Stephenson,C,0.325,1.6,CIN,
Elly De La Cruz,SS,0.321,4.9,CIN,
Jonathan India,DH,0.319,2.0,CIN,
Edwin Rios,MiLB,0.312,#N/A,CIN,
Spencer Steer,LF,0.312,1.5,CIN,
Christian Encarnacion-Strand,Bench,0.307,0.2,CIN,
Noelvi Marte,MiLB,0.305,0.2,CIN,
TJ Friedl,CF,0.302,1.4,CIN,
Levi Jordan,MiLB,0.302,#N/A,CIN,
Jake Fraley,RF,0.301,0.9,CIN,
Blake Dunn,MiLB,0.297,#N/A,CIN,
Mike Ford,MiLB,0.296,#N/A,CIN,
Will Benson,Bench,0.296,0.5,CIN,
Santiago Espinal,3B,0.296,0.4,CIN,
Jacob Hurtubise,MiLB,0.295,#N/A,CIN,
Rece Hinds,MiLB,0.295,#N/A,CIN,
Jeimer Candelario,1B,0.295,-0.1,CIN,
Nick Martini,MiLB,0.294,-0.1,CIN,
Eric Yang,Bench,0.294,#N/A,CIN,
Davis Wendzel,MiLB,0.294,#N/A,CIN,
Stuart Fairchild,Bench,0.293,0.3,CIN,
Peyton Burdick,MiLB,0.292,#N/A,CIN,
Joey Wiemer,MiLB,0.290,#N/A,CIN,
Conner Capel,MiLB,0.287,#N/A,CIN,
Tony Kemp,MiLB,0.284,#N/A,CIN,
P.J. Higgins,MiLB,0.279,#N/A,CIN,
Hernan Perez,MiLB,0.279,#N/A,CIN,
Erik Gonzalez,MiLB,0.272,#N/A,CIN,
Bubba Thompson,MiLB,0.271,#N/A,CIN,
Matt McLain,2B,0.341,,CIN,
Drew Thorpe,SP,,0.6,CHW,4.85
Sean Burke,SP,,,CHW,4.8
Nick Nastrini,RP,,0.5,CHW,4.79
Jonathan Cannon,SP,,0.9,CHW,4.74
Steven Wilson,RP,,0.4,CHW,4.73
Davis Martin,SP,,,CHW,4.62
Davis Martin,SP,,0.4,CHW,4.45
Ron Marinaccio,RP,,0.1,CHW,4.43
Jared Shuster,RP,,0.6,CHW,4.27
Justin Anderson,CL,,0.5,CHW,3.72
Fraser Ellard,RP,,0.3,CHW,3.39
Garrett Crochet,ACE,,3.7,CHW,3.18
Andrew Vaughn,1B,0.319,1.0,CHW,
Luis Robert Jr.,CF,0.311,1.9,CHW,
Zach DeLoach,RF,0.303,#N/A,CHW,
Andrew Benintendi,LF,0.301,0.3,CHW,
Lenyn Sosa,2B,0.300,0.8,CHW,
Rafael Ortega,MiLB,0.297,#N/A,CHW,
Miguel Vargas,3B,0.296,0.6,CHW,
Mark Payton,MiLB,0.294,#N/A,CHW,
Gavin Sheets,DH,0.293,0.2,CHW,
Michael Chavis,MiLB,0.292,#N/A,CHW,
Dominic Fletcher,Bench,0.290,0.5,CHW,
Corey Julks,Bench,0.289,0.1,CHW,
Brooks Baldwin,Bench,0.289,0.7,CHW,
Bryan Ramos,MiLB,0.288,1.7,CHW,
Canaan Smith-Njigba,MiLB,0.287,#N/A,CHW,
Wilmer Difo,MiLB,0.284,#N/A,CHW,
Chuckie Robinson,Bench,0.283,#N/A,CHW,
Brett Phillips,MiLB,0.282,#N/A,CHW,
Jacob Amaya,MiLB,0.280,#N/A,CHW,
Duke Ellis,MiLB,0.279,#N/A,CHW,
Oscar Colas,MiLB,0.279,#N/A,CHW,
Nicky Lopez,SS,0.278,1.1,CHW,
Wynton Bernard,MiLB,0.278,#N/A,CHW,
Zach Remillard,MiLB,0.277,#N/A,CHW,
Danny Mendick,MiLB,0.274,0.6,CHW,
Korey Lee,C,0.272,0.7,CHW,
Braden Shewmake,MiLB,0.257,#N/A,CHW,
Javier Assad,SP,,1.2,CHC,5.3
Jameson Taillon,SP,,1.9,CHC,4.93
Jordan Wicks,RP,,0.4,CHC,4.89
Ethan Roberts,RP,,0.1,CHC,4.71
Shota Imanaga,ACE,,1.7,CHC,4.68
Keegan Thompson,RP,,0.2,CHC,4.6
Hayden Wesneski,RP,,0.9,CHC,4.28
Nate Pearson,RP,,0.8,CHC,4.26
Ben Brown,SP,,0.6,CHC,4.25
Colten Brewer,RP,,0.2,CHC,4.05
Justin Steele,SP,,2.2,CHC,3.76
Luke Little,RP,,0.3,CHC,3.63
Porter Hodge,CL,,0.4,CHC,3.45
Seiya Suzuki,DH,0.347,2.3,CHC,
Ian Happ,LF,0.334,2.4,CHC,
Michael Busch,1B,0.316,2.0,CHC,
Isaac Paredes,3B,0.315,2.7,CHC,
Dansby Swanson,SS,0.307,4.6,CHC,
Patrick Wisdom,Bench,0.306,0.0,CHC,
Cody Bellinger,RF,0.305,2.2,CHC,
Nico Hoerner,2B,0.305,3.9,CHC,
Mike Tauchman,Bench,0.303,0.4,CHC,
Miguel Amaya,MiLB,0.301,0.8,CHC,
Matt Mervis,MiLB,0.301,#N/A,CHC,
Kevin Alcantara,MiLB,0.300,#N/A,CHC,
Alexander Canario,Bench,0.297,#N/A,CHC,
Pete Crow-Armstrong,CF,0.296,1.9,CHC,
Ali Sanchez,MiLB,0.294,#N/A,CHC,
Luis Vazquez,MiLB,0.291,#N/A,CHC,
David Bote,MiLB,0.288,#N/A,CHC,
Trayce Thompson,MiLB,0.286,#N/A,CHC,
Christian Bethancourt,Bench,0.285,0.5,CHC,
Jake Hager,MiLB,0.280,#N/A,CHC,
Nick Madrigal,MiLB,0.276,#N/A,CHC,
Jack Reinheimer,MiLB,0.273,#N/A,CHC,
Miles Mastrobuoni,MiLB,0.268,0.2,CHC,
Austin Hedges,MiLB,0.258,0.9,C,
Quinn Priester,SP,,0.4,BOS,4.92
Josh Winckowski,RP,,0.8,BOS,4.5
Greg Weissert,RP,,0.7,BOS,4.48
Richard Fitts,SP,,0.1,BOS,4.48
Brayan Bello,SP,,,BOS,4.36
Brayan Bello,SP,,2.5,BOS,4.33
Cooper Criswell,SP,,0.8,BOS,4.26
Cam Booser,RP,,0.3,BOS,4.2
Brad Keller,RP,,0.3,BOS,4.18
Josh Winckowski,RP,,0.8,BOS,4.03
Brennan Bernardino,RP,,0.6,BOS,4.03
Kutter Crawford,SP,,1.5,BOS,4.02
Tanner Houck,ACE,,2.8,BOS,3.86
Zack Kelly,RP,,1,BOS,3.65
Justin Slaten,RP,,1,BOS,2.99
Rafael Devers,3B,0.353,3.7,BOS,
Wilyer Abreu,RF,0.344,2.0,BOS,
Triston Casas,1B,0.343,1.1,BOS,
Masataka Yoshida,DH,0.328,0.3,BOS,
Jarren Duran,LF,0.322,3.6,BOS,
Rob Refsnyder,Bench,0.310,0.2,BOS,
Enmanuel Valdez,MiLB,0.308,0.7,BOS,
Mickey Gasper,Bench,0.302,#N/A,BOS,
Nick Sogard,Bench,0.300,#N/A,BOS,
David Hamilton,2B,0.300,0.8,BOS,
Jamie Westbrook,MiLB,0.296,#N/A,BOS,
Connor Wong,C,0.295,0.6,BOS,
Eddy Alvarez,MiLB,0.292,#N/A,BOS,
Vaughn Grissom,MiLB,0.291,0.4,BOS,
Romy Gonzalez,Bench,0.289,1.0,BOS,
Ceddanne Rafaela,CF,0.287,1.5,BOS,
Mark Kolozsvary,MiLB,0.284,#N/A,BOS,
Trevor Story,SS,0.280,0.7,BOS,
Mark Contreras,MiLB,0.272,#N/A,BOS,
Dalton Guthrie,MiLB,0.271,#N/A,BOS,
Dean Kremer,SP,,1.3,BAL,5.01
Cade Povich,RP,,0.7,BAL,4.64
Zach Eflin,ACE,,2.2,BAL,4.59
Trevor Rogers,SP,,0.7,BAL,4.5
Albert Suárez,SP,,1,BAL,4.46
Bryan Baker,RP,,0.2,BAL,4.44
Jacob Webb,RP,,0.3,BAL,4.35
Keegan Akin,RP,,1.2,BAL,3.95
Seranthony Domínguez,RP,,0.6,BAL,3.95
Grayson Rodriguez,SP,,2,BAL,3.91
Yennier Cano,RP,,1.2,BAL,3.88
Cionel Pérez,RP,,0.8,BAL,3.76
Gregory Soto,RP,,0.9,BAL,3.64
Gunnar Henderson,SS,0.355,4.9,BAL,
Jordan Westburg,3B,0.330,1.6,BAL,
Ryan Mountcastle,1B,0.325,1.6,BAL,
Ryan O'Hearn,Bench,0.319,0.7,BAL,
Adley Rutschman,C,0.319,3.9,BAL,
Cedric Mullins,CF,0.315,1.1,BAL,
Coby Mayo,MiLB,0.310,#N/A,BAL,
Colton Cowser,LF,0.310,3.3,BAL,
Ramón Urías,DH,0.304,0.6,BAL,
Nick Maton,MiLB,0.302,#N/A,BAL,
Livan Soto,Bench,0.299,#N/A,BAL,
Heston Kjerstad,RF,0.298,0.3,BAL,
Terrin Vavra,MiLB,0.296,#N/A,BAL,
Jackson Holliday,2B,0.295,2.6,BAL,
Emmanuel Rivera,Bench,0.293,0.7,BAL,
Garrett Cooper,MiLB,0.289,0.2,BAL,
Daniel Johnson,MiLB,0.288,#N/A,BAL,
Daz Cameron,MiLB,0.286,0.6,BAL,
Jean Segura,MiLB,0.283,#N/A,BAL,
Niko Goodrum,MiLB,0.283,#N/A,BAL,
Jorge Mateo,MiLB,0.282,0.8,BAL,
David Banuelos,MiLB,0.279,#N/A,BAL,
Blake Hunt,Bench,0.271,,BAL,
Griffin Canning,SP,,1.9,ATL,5.14
Bryce Elder,RP,,0.7,ATL,4.78
Reynaldo López,SP,,1.5,ATL,4.77
Chris Sale,ACE,,4.4,ATL,4.42
Ian Anderson,SP,,,ATL,4.26
Dylan Lee,RP,,0.9,ATL,4.08
Pierce Johnson,RP,,0.9,ATL,4.06
Aaron Bummer,RP,,1.1,ATL,4.01
Grant Holmes,RP,,0.7,ATL,3.47
Raisel Iglesias,CL,,1.1,ATL,3.45
Spencer Schwellenbach,SP,,1.9,ATL,3.4
Matt Olson,1B,0.358,2.9,ATL,
Austin Riley,3B,0.358,3.1,ATL,
Ronald Acuña Jr.,RF,0.353,1.8,ATL,
Marcell Ozuna,DH,0.349,2.4,ATL,
Michael Harris II,CF,0.329,2.8,ATL,
Ozzie Albies,2B,0.314,1.6,ATL,
Ramón Laureano,LF,0.311,0.9,ATL,
Sean Murphy,C,0.307,1.9,ATL,
Nacho Alvarez Jr.,Bench,0.301,#N/A,ATL,
Eli White,Bench,0.299,#N/A,ATL,
Alejo Lopez,MiLB,0.296,#N/A,ATL,
Jarred Kelenic,Bench,0.296,1.0,ATL,
Luke Williams,Bench,0.292,#N/A,ATL,
Forrest Wall,MiLB,0.292,#N/A,ATL,
Chadwick Tromp,Bench,0.291,#N/A,ATL,
Harold Ramírez,MiLB,0.290,0.6,ATL,
J.P. Martinez,MiLB,0.290,#N/A,ATL,
Skye Bolt,MiLB,0.290,#N/A,ATL,
Orlando Arcia,SS,0.289,1.9,ATL,
Brian Anderson,MiLB,0.289,#N/A,ATL,
Zack Short,MiLB,0.289,#N/A,ATL,
Andrew Velazquez,MiLB,0.285,#N/A,ATL,
Leury Garcia,MiLB,0.280,#N/A,ATL,
Phillip Evans,MiLB,0.272,#N/A,ATL,
David Fletcher,MiLB,0.272,#N/A,ATL,
Sebastian  Rivero,MiLB,0.271,#N/A,ATL,
Luis Liberato,MiLB,0.271,#N/A,ATL,
Sandy Leon,MiLB,0.269,#N/A,ATL,
Tommy Henry,RP,,0.3,ARI,5
Yilber Diaz,RP,,0.3,ARI,4.88
Logan Allen,RP,,0.2,ARI,4.83
Ryne Nelson,SP,,1.2,ARI,4.65
Bryce Jarvis,RP,,0.3,ARI,4.63
Eduardo Rodriguez,SP,,0.7,ARI,4.56
Seth Martinez,RP,,0,ARI,4.39
Jordan Montgomery,RP,,1.5,ARI,4.3
Slade Cecconi,RP,,0.6,ARI,4.29
Merrill Kelly,SP,,1.1,ARI,4.14
Zac Gallen,ACE,,2.3,ARI,4.03
Brandon Pfaadt,SP,,2.6,ARI,3.94
Joe Mantiply,RP,,0.9,ARI,3.94
Ryan Thompson,RP,,0.5,ARI,3.78
Kevin Ginkel,RP,,1.1,ARI,3.45
A.J. Puk,RP,,1,ARI,3.04
Justin Martinez,CL,,1.8,ARI,2.85
Ketel Marte,2B,0.363,3.3,ARI,
Corbin Carroll,RF,0.342,5.0,ARI,
Pavin Smith,1B,0.328,0.4,ARI,
Gabriel Moreno,C,0.325,2.1,ARI,
Lourdes Gurriel Jr.,DH,0.321,1.5,ARI,
Eugenio Suárez,3B,0.315,3.2,ARI,
Adrian Del Castillo,MiLB,0.306,#N/A,ARI,
Geraldo Perdomo,SS,0.304,1.6,ARI,
Jordan Lawlar,MiLB,0.304,#N/A,ARI,
Jorge Barrosa,Bench,0.300,#N/A,ARI,
Jake McCarthy,LF,0.299,1.3,ARI,
Sergio Alcantara,MiLB,0.297,#N/A,ARI,
Blaze Alexander,Bench,0.297,0.8,ARI,
Alek Thomas,CF,0.288,1.1,ARI,
Matt Beaty,MiLB,0.287,#N/A,ARI,
Kyle Garlick,MiLB,0.278,#N/A,ARI,
Kolten Wong,MiLB,0.278,#N/A,ARI,
Albert Almora Jr.,MiLB,0.276,#N/A,ARI,
Jose Herrera,Bench,0.269,-0.1,ARI,
Tim Tawa,Bench,0.299,,ARI,